{"files":{"favicon-3b6339f5c81636dcc289529c471dff91.ico":{"logical_path":"favicon.ico","mtime":"2017-08-29T09:17:29-04:00","size":32988,"digest":"3b6339f5c81636dcc289529c471dff91"},"logo-16fe7c97fc77dc932c33d318b990eb0d.png":{"logical_path":"logo.png","mtime":"2017-08-29T09:17:29-04:00","size":125271,"digest":"16fe7c97fc77dc932c33d318b990eb0d"},"admin-391faf62aa63e6599468c657116aba4c.js":{"logical_path":"admin.js","mtime":"2017-08-29T09:17:29-04:00","size":435040,"digest":"391faf62aa63e6599468c657116aba4c"},"api_v2-7b863a62dd49943017583806ce02846d.js":{"logical_path":"api_v2.js","mtime":"2017-08-29T09:17:29-04:00","size":330035,"digest":"7b863a62dd49943017583806ce02846d"},"application-89b9c8d2652301fa3c8f31f8e97d0d1f.js":{"logical_path":"application.js","mtime":"2017-08-29T09:17:29-04:00","size":721783,"digest":"89b9c8d2652301fa3c8f31f8e97d0d1f"},"funds-7252578de957fa4f860a9d88b2e99187.js":{"logical_path":"funds.js","mtime":"2017-08-29T09:17:29-04:00","size":821747,"digest":"7252578de957fa4f860a9d88b2e99187"},"html5-bbd9f097326cd9fca5f6419db9316f4c.js":{"logical_path":"html5.js","mtime":"2017-08-29T09:17:29-04:00","size":6673,"digest":"bbd9f097326cd9fca5f6419db9316f4c"},"locales/en-d19968f9c0857d554ab5eece41d02f79.js":{"logical_path":"locales/en.js","mtime":"2017-08-29T09:17:29-04:00","size":16638,"digest":"d19968f9c0857d554ab5eece41d02f79"},"locales/zh-CN-e43986389b3e0f6bc3ad91eb503223cc.js":{"logical_path":"locales/zh-CN.js","mtime":"2017-08-29T09:17:29-04:00","size":16905,"digest":"e43986389b3e0f6bc3ad91eb503223cc"},"market-0d98c78c0533a076bbbe1ed18804daad.js":{"logical_path":"market.js","mtime":"2017-08-29T09:17:29-04:00","size":716987,"digest":"0d98c78c0533a076bbbe1ed18804daad"},"admin-075c506b0dda86ad6ff685228dfbac4a.css":{"logical_path":"admin.css","mtime":"2017-08-29T09:17:29-04:00","size":129231,"digest":"075c506b0dda86ad6ff685228dfbac4a"},"api_v2-ded6997084df0aed2ac6daa90ad6e79d.css":{"logical_path":"api_v2.css","mtime":"2017-08-29T09:17:29-04:00","size":183064,"digest":"ded6997084df0aed2ac6daa90ad6e79d"},"application-00faa91f212698c016e6fce10b896f2c.css":{"logical_path":"application.css","mtime":"2017-08-29T09:17:29-04:00","size":169525,"digest":"00faa91f212698c016e6fce10b896f2c"},"market-ed35459e77e727a136a57d8a44a1afa4.css":{"logical_path":"market.css","mtime":"2017-08-29T09:17:29-04:00","size":248040,"digest":"ed35459e77e727a136a57d8a44a1afa4"},"bootstrap-wysihtml5-d3740f350a8dffad5d2d3f0e7f23c126.js":{"logical_path":"bootstrap-wysihtml5.js","mtime":"2017-08-25T02:14:01-04:00","size":185169,"digest":"d3740f350a8dffad5d2d3f0e7f23c126"},"bootstrap-wysihtml5-2511d0402a2ea6e21d37c249e90d4c29.css":{"logical_path":"bootstrap-wysihtml5.css","mtime":"2017-08-25T02:14:01-04:00","size":2073,"digest":"2511d0402a2ea6e21d37c249e90d4c29"},"bootstrap-wysihtml5/wysiwyg-color-c678687ef9c8f8b116f72bbc8fe3dfce.css":{"logical_path":"bootstrap-wysihtml5/wysiwyg-color.css","mtime":"2017-08-25T02:14:01-04:00","size":560,"digest":"c678687ef9c8f8b116f72bbc8fe3dfce"},"doorkeeper/admin/application-a85055ce93b1a390f0d59a86d6f7a0e3.css":{"logical_path":"doorkeeper/admin/application.css","mtime":"2017-08-25T02:14:01-04:00","size":102170,"digest":"a85055ce93b1a390f0d59a86d6f7a0e3"},"doorkeeper/application-1d5e85da27307dc80d585e2ac0e7fe08.css":{"logical_path":"doorkeeper/application.css","mtime":"2017-08-25T02:14:01-04:00","size":102780,"digest":"1d5e85da27307dc80d585e2ac0e7fe08"},"bootstrap/glyphicons-halflings-regular-394bbe21653c8e9a48b3f64eca1686f2.eot":{"logical_path":"bootstrap/glyphicons-halflings-regular.eot","mtime":"2017-08-25T02:12:43-04:00","size":20335,"digest":"394bbe21653c8e9a48b3f64eca1686f2"},"bootstrap/glyphicons-halflings-regular-7f5579ff71a9efde1745a642f5bf4393.svg":{"logical_path":"bootstrap/glyphicons-halflings-regular.svg","mtime":"2017-08-25T02:12:43-04:00","size":62927,"digest":"7f5579ff71a9efde1745a642f5bf4393"},"bootstrap/glyphicons-halflings-regular-cbd3d0cae4bebf76e364da1d658da30b.ttf":{"logical_path":"bootstrap/glyphicons-halflings-regular.ttf","mtime":"2017-08-25T02:12:43-04:00","size":41280,"digest":"cbd3d0cae4bebf76e364da1d658da30b"},"bootstrap/glyphicons-halflings-regular-62eacad985f9704706d9fb666a7e6370.woff":{"logical_path":"bootstrap/glyphicons-halflings-regular.woff","mtime":"2017-08-25T02:12:43-04:00","size":23320,"digest":"62eacad985f9704706d9fb666a7e6370"},"font-awesome/fontawesome-webfont-b0edd01f0066257a94b6fe55b98b7740.eot":{"logical_path":"font-awesome/fontawesome-webfont.eot","mtime":"2017-08-25T02:12:44-04:00","size":56006,"digest":"b0edd01f0066257a94b6fe55b98b7740"},"font-awesome/fontawesome-webfont-bdc786c79f1a3095e4ceef4ae12bb691.svg":{"logical_path":"font-awesome/fontawesome-webfont.svg","mtime":"2017-08-25T02:12:44-04:00","size":287007,"digest":"bdc786c79f1a3095e4ceef4ae12bb691"},"font-awesome/fontawesome-webfont-18935f087ecbe299a70664773427f83a.ttf":{"logical_path":"font-awesome/fontawesome-webfont.ttf","mtime":"2017-08-25T02:12:44-04:00","size":112160,"digest":"18935f087ecbe299a70664773427f83a"},"font-awesome/fontawesome-webfont-843aa7179beaad6f4a7798b977ad59b4.woff":{"logical_path":"font-awesome/fontawesome-webfont.woff","mtime":"2017-08-25T02:12:44-04:00","size":65452,"digest":"843aa7179beaad6f4a7798b977ad59b4"},"favicon-5573a57857bab4da1e824b1e2ca1d8de.ico":{"logical_path":"favicon.ico","mtime":"2017-08-29T09:17:29-04:00","size":32988,"digest":"5573a57857bab4da1e824b1e2ca1d8de"},"logo-a0d45ba638237395fb6b6f6b3abdc276.png":{"logical_path":"logo.png","mtime":"2017-08-29T09:17:29-04:00","size":125271,"digest":"a0d45ba638237395fb6b6f6b3abdc276"},"admin-39441d0cb70ff2efe674a63e7c4ce81f.js":{"logical_path":"admin.js","mtime":"2017-08-29T09:17:29-04:00","size":435071,"digest":"39441d0cb70ff2efe674a63e7c4ce81f"},"api_v2-fe4f8894f86490da5337b6eb5ae83e89.js":{"logical_path":"api_v2.js","mtime":"2017-08-29T09:17:29-04:00","size":330035,"digest":"fe4f8894f86490da5337b6eb5ae83e89"},"application-6e08e113aec556646a45cb5ca446e6b5.js":{"logical_path":"application.js","mtime":"2017-08-29T09:17:29-04:00","size":721783,"digest":"6e08e113aec556646a45cb5ca446e6b5"},"funds-12ebcc125c0dba580b9ea7f8f18a2971.js":{"logical_path":"funds.js","mtime":"2017-08-29T09:17:29-04:00","size":821747,"digest":"12ebcc125c0dba580b9ea7f8f18a2971"},"html5-0d87882ff2423d64c459a09d45879bd6.js":{"logical_path":"html5.js","mtime":"2017-08-29T09:17:29-04:00","size":6673,"digest":"0d87882ff2423d64c459a09d45879bd6"},"locales/en-83233ec301e70ac1ccc9c1e23cd49e75.js":{"logical_path":"locales/en.js","mtime":"2017-08-29T09:17:29-04:00","size":16638,"digest":"83233ec301e70ac1ccc9c1e23cd49e75"},"locales/zh-CN-ba35e4a708148f44e82f81eed46b16bc.js":{"logical_path":"locales/zh-CN.js","mtime":"2017-08-29T09:17:29-04:00","size":16905,"digest":"ba35e4a708148f44e82f81eed46b16bc"},"market-c90d3c805b1b39025f00d56157d3583c.js":{"logical_path":"market.js","mtime":"2017-08-29T09:17:29-04:00","size":716987,"digest":"c90d3c805b1b39025f00d56157d3583c"},"admin-dea2a0e479090bf3e5d39b48ddadac06.css":{"logical_path":"admin.css","mtime":"2017-08-29T09:17:29-04:00","size":129231,"digest":"dea2a0e479090bf3e5d39b48ddadac06"},"api_v2-265dd3801aed7ea2bc402a2aa6e67468.css":{"logical_path":"api_v2.css","mtime":"2017-08-29T09:17:29-04:00","size":183219,"digest":"265dd3801aed7ea2bc402a2aa6e67468"},"application-d5c72cd43ba2aa0cb1854273d72bb658.css":{"logical_path":"application.css","mtime":"2017-08-29T09:17:29-04:00","size":169680,"digest":"d5c72cd43ba2aa0cb1854273d72bb658"},"market-cb2d5650fbb73c106029c725d93fad92.css":{"logical_path":"market.css","mtime":"2017-08-29T09:17:29-04:00","size":248195,"digest":"cb2d5650fbb73c106029c725d93fad92"},"bootstrap-wysihtml5-f6dde64785f8733d5e77d3f3e24c4e43.js":{"logical_path":"bootstrap-wysihtml5.js","mtime":"2017-08-25T02:14:01-04:00","size":185200,"digest":"f6dde64785f8733d5e77d3f3e24c4e43"},"bootstrap-wysihtml5-2e1ba390a9fd6095e61eec7fe10efcf5.css":{"logical_path":"bootstrap-wysihtml5.css","mtime":"2017-08-25T02:14:01-04:00","size":2073,"digest":"2e1ba390a9fd6095e61eec7fe10efcf5"},"bootstrap-wysihtml5/wysiwyg-color-aab533efa7af6f2c6b8df6444c5c0677.css":{"logical_path":"bootstrap-wysihtml5/wysiwyg-color.css","mtime":"2017-08-25T02:14:01-04:00","size":560,"digest":"aab533efa7af6f2c6b8df6444c5c0677"},"doorkeeper/admin/application-2a9388202d959214f9b5a984ad22e922.css":{"logical_path":"doorkeeper/admin/application.css","mtime":"2017-08-25T02:14:01-04:00","size":102170,"digest":"2a9388202d959214f9b5a984ad22e922"},"doorkeeper/application-1f7f4a0be4bb2371dbc26960e9d1f4a0.css":{"logical_path":"doorkeeper/application.css","mtime":"2017-08-25T02:14:01-04:00","size":102780,"digest":"1f7f4a0be4bb2371dbc26960e9d1f4a0"},"bootstrap/glyphicons-halflings-regular-4bf47da36a497923068421cac7bfc1db.eot":{"logical_path":"bootstrap/glyphicons-halflings-regular.eot","mtime":"2017-08-25T02:12:43-04:00","size":20335,"digest":"4bf47da36a497923068421cac7bfc1db"},"bootstrap/glyphicons-halflings-regular-71938b104efbebca84d411db1152ec7a.svg":{"logical_path":"bootstrap/glyphicons-halflings-regular.svg","mtime":"2017-08-25T02:12:43-04:00","size":62927,"digest":"71938b104efbebca84d411db1152ec7a"},"bootstrap/glyphicons-halflings-regular-cdba1000832aba36ef7b44bfdc4ca18a.ttf":{"logical_path":"bootstrap/glyphicons-halflings-regular.ttf","mtime":"2017-08-25T02:12:43-04:00","size":41280,"digest":"cdba1000832aba36ef7b44bfdc4ca18a"},"bootstrap/glyphicons-halflings-regular-3e1cb3d4d0c5785e4d7cf95dc6c537f8.woff":{"logical_path":"bootstrap/glyphicons-halflings-regular.woff","mtime":"2017-08-25T02:12:43-04:00","size":23320,"digest":"3e1cb3d4d0c5785e4d7cf95dc6c537f8"},"font-awesome/fontawesome-webfont-0906ac004d5b9959f63ea12e38302290.eot":{"logical_path":"font-awesome/fontawesome-webfont.eot","mtime":"2017-08-25T02:12:44-04:00","size":56006,"digest":"0906ac004d5b9959f63ea12e38302290"},"font-awesome/fontawesome-webfont-6672959bb1577b820237dd8ac631092d.svg":{"logical_path":"font-awesome/fontawesome-webfont.svg","mtime":"2017-08-25T02:12:44-04:00","size":287007,"digest":"6672959bb1577b820237dd8ac631092d"},"font-awesome/fontawesome-webfont-4b6a13aa63940b7c4dc1287a49520730.ttf":{"logical_path":"font-awesome/fontawesome-webfont.ttf","mtime":"2017-08-25T02:12:44-04:00","size":112160,"digest":"4b6a13aa63940b7c4dc1287a49520730"},"font-awesome/fontawesome-webfont-f3f56c4c6094aabdca2178e9ea46874f.woff":{"logical_path":"font-awesome/fontawesome-webfont.woff","mtime":"2017-08-25T02:12:44-04:00","size":65452,"digest":"f3f56c4c6094aabdca2178e9ea46874f"}},"assets":{"favicon.ico":"favicon-5573a57857bab4da1e824b1e2ca1d8de.ico","logo.png":"logo-a0d45ba638237395fb6b6f6b3abdc276.png","admin.js":"admin-39441d0cb70ff2efe674a63e7c4ce81f.js","api_v2.js":"api_v2-fe4f8894f86490da5337b6eb5ae83e89.js","application.js":"application-6e08e113aec556646a45cb5ca446e6b5.js","funds.js":"funds-12ebcc125c0dba580b9ea7f8f18a2971.js","html5.js":"html5-0d87882ff2423d64c459a09d45879bd6.js","locales/en.js":"locales/en-83233ec301e70ac1ccc9c1e23cd49e75.js","locales/zh-CN.js":"locales/zh-CN-ba35e4a708148f44e82f81eed46b16bc.js","market.js":"market-c90d3c805b1b39025f00d56157d3583c.js","admin.css":"admin-dea2a0e479090bf3e5d39b48ddadac06.css","api_v2.css":"api_v2-265dd3801aed7ea2bc402a2aa6e67468.css","application.css":"application-d5c72cd43ba2aa0cb1854273d72bb658.css","market.css":"market-cb2d5650fbb73c106029c725d93fad92.css","bootstrap-wysihtml5.js":"bootstrap-wysihtml5-f6dde64785f8733d5e77d3f3e24c4e43.js","bootstrap-wysihtml5.css":"bootstrap-wysihtml5-2e1ba390a9fd6095e61eec7fe10efcf5.css","bootstrap-wysihtml5/wysiwyg-color.css":"bootstrap-wysihtml5/wysiwyg-color-aab533efa7af6f2c6b8df6444c5c0677.css","doorkeeper/admin/application.css":"doorkeeper/admin/application-2a9388202d959214f9b5a984ad22e922.css","doorkeeper/application.css":"doorkeeper/application-1f7f4a0be4bb2371dbc26960e9d1f4a0.css","bootstrap/glyphicons-halflings-regular.eot":"bootstrap/glyphicons-halflings-regular-4bf47da36a497923068421cac7bfc1db.eot","bootstrap/glyphicons-halflings-regular.svg":"bootstrap/glyphicons-halflings-regular-71938b104efbebca84d411db1152ec7a.svg","bootstrap/glyphicons-halflings-regular.ttf":"bootstrap/glyphicons-halflings-regular-cdba1000832aba36ef7b44bfdc4ca18a.ttf","bootstrap/glyphicons-halflings-regular.woff":"bootstrap/glyphicons-halflings-regular-3e1cb3d4d0c5785e4d7cf95dc6c537f8.woff","font-awesome/fontawesome-webfont.eot":"font-awesome/fontawesome-webfont-0906ac004d5b9959f63ea12e38302290.eot","font-awesome/fontawesome-webfont.svg":"font-awesome/fontawesome-webfont-6672959bb1577b820237dd8ac631092d.svg","font-awesome/fontawesome-webfont.ttf":"font-awesome/fontawesome-webfont-4b6a13aa63940b7c4dc1287a49520730.ttf","font-awesome/fontawesome-webfont.woff":"font-awesome/fontawesome-webfont-f3f56c4c6094aabdca2178e9ea46874f.woff"}}